{
  "mean": [
    0.700948178768158,
    0.6704171299934387,
    0.5902222394943237
  ],
  "std": [
    0.20535434782505035,
    0.22668585181236267,
    0.2075313776731491
  ]
}