threshold,square_acc_all,square_acc_no_empty,board_exact_match,mean_x_per_board
0.2,0.9979011194029851,0.9938101788170564,0.9979011194029851,0.0
0.3,0.9979011194029851,0.9938101788170564,0.9979011194029851,0.0
0.4,0.9979011194029851,0.9938101788170564,0.9979011194029851,0.0
0.5,0.9979011194029851,0.9938101788170564,0.9979011194029851,0.0
0.6,0.9974347014925373,0.9951757408683667,0.9974347014925373,0.0009328358208955224
0.7,0.9967350746268657,0.9958592132505176,0.9967350746268657,0.0018656716417910447
0.8,0.9967350746268657,0.9958592132505176,0.9967350746268657,0.0018656716417910447
